XJP,intl_cooperation,reform,party_discipline,Natl_Peoples_Congress,#WeAreTheBest,intl_conflict,domestic_economics,leadership,intl_economics
习近平,合作,改革,政治,会议,中国,美国,发展,中央,国家
人民,关系,深化,工作,人大,世界,组织,经济,中共,金砖
发展,发展,会议,中央,审议,人民,贫困,创新,政治局,安全
社会,习近平,推进,监督,草案,国际,叙利亚,企业,委员,国际
建设,中方,制度,领导,关于,我们,地区,建设,主席,合作
工作,双方,全面,干部,常委会,共产党,扶贫,社会,同志,习近平
我们,领域,体制,党内,代表,伟大,脱贫,金融,全国,领导人
总书记,共同,落实,坚持,报告,特色,政府,李克强,政协,世界
社会主义,加强,工作,全面,工作,全球,问题,推动,书记,全球
坚持,推动,机制,问题,委员会,实现,俄罗斯,增长,十九,共同
民族,战略,中央,治党,十二,社会主义,表示,促进,常委,治理
伟大,主席,完善,巡视,人民,时代,极端,政策,领导,会晤
重要,交流,建设,全会,决定,历史,目前,产业,习近平,发展中
精神,伙伴,管理,组织,法律,表示,进行,推进,精神,科技
特色,会见,加强,从严,张德江,代表,今天,科技,军委,网络
思想,友好,试点,纪律,全国,今天,已经,开放,总书记,香港
强调,深化,服务,生活,大会,大会,当地,市场,委员会,创新
指出,表示,领导,加强,委员长,中华,人员,供给,共产党,出席
同志,国际,强调,党员,情况,国家,今年,技术,人民,技术
时代,支持,意见,重要,通过,改革,总统,世界,代表,重要
